dick94@hotmail.com,nick69@gmail.nl
et97@hotmail.com,jessica47@gmail.com
lia97@hotmail.com,peter99@gmail.com
jack95@gmail.com,pete9112@protonmail.nl
jack95@gmail.com,peter99@gmail.com
dick94@hotmail.com,pete9112@protonmail.nl
et97@hotmail.com,nick69@gmail.nl
jessica47@gmail.com,lia97@hotmail.com
dick94@hotmail.com,lia97@hotmail.com
et97@hotmail.com,pete9112@protonmail.nl
jack95@gmail.com,jessica47@gmail.com
nick69@gmail.nl,peter99@gmail.com
nick69@gmail.nl,pepe1@gmail.com
jack95@gmail.com,lia97@hotmail.com
jessica47@gmail.com,pete9112@protonmail.nl
a.l.lamprecht@uu.nl,dick94@hotmail.com
et97@hotmail.com,peter99@gmail.com
